CreditScore,Age,Tenure,Balance,NumOfProducts,HasCrCard,IsActiveMember,EstimatedSalary,Exited
548,59,0,32117.26840201562,2,0,0,86501.6558904942,1
453,50,3,17894.589311684704,1,1,1,58269.56527383085,0
425,44,2,47303.41322872032,1,0,1,10466.992634753899,0
548,63,4,128054.21273252436,2,1,0,98432.36155206946,1
589,18,6,51158.804988676835,2,1,0,71303.14407394023,1
402,21,7,107604.34375660574,2,1,0,51044.77522921443,1
647,47,9,1908.1382951709747,1,0,1,23372.05193141461,0
607,39,7,146155.55572430562,2,1,1,73084.17911824187,1
582,50,1,85318.4765136469,1,0,1,67816.02539435006,0
706,34,4,135662.64787580146,3,0,1,63973.015940755424,1
534,66,3,107096.51316054977,2,0,1,22043.200283151564,1
400,23,0,64981.19548784827,1,0,1,19324.778237279712,0
746,52,5,82360.16874155417,3,1,0,57200.69935567654,1
404,36,8,76788.1400472724,3,1,0,10296.38846939794,1
809,37,6,96235.38939590397,3,1,1,82663.1542450114,1
834,66,1,88374.37416258652,2,1,1,15445.446977184645,1
620,61,9,86367.87567598648,2,1,0,63532.616199309945,1
846,27,5,11120.355952052425,2,1,0,32406.02994537727,1
605,60,3,70438.0372510015,3,1,0,10441.802761716192,1
471,52,9,70609.55907564265,1,1,1,72880.12350446904,0
777,48,5,66857.8431322428,1,0,1,41754.36103233476,0
724,47,1,136960.3662975663,1,1,1,62243.81956006863,0
480,18,1,70113.89756335886,3,1,0,83580.09308155769,1
570,46,0,129107.24616626145,3,1,1,32790.913940140774,1
765,23,7,115549.61399727159,3,1,0,36908.83536360382,1
698,36,7,28874.292839936912,1,1,1,83049.51294103164,0
631,35,0,45651.36351540117,1,0,1,32984.36642635171,0
491,69,8,6301.621085744297,1,1,1,62661.03707028666,0
677,25,7,40436.26331305678,1,0,0,93398.41912240857,0
742,51,0,97261.18162080075,3,1,1,57452.7941829124,1
703,30,3,124474.40379188249,3,0,1,94629.15499299834,1
448,67,4,59578.11697431412,2,1,0,67219.05633778614,1
541,28,0,114738.00443414404,2,0,0,18409.84621937064,1
419,60,2,121329.01348139785,2,0,0,46518.34633543468,1
448,26,9,30893.83450548428,2,0,0,25958.054387960663,1
633,35,0,144819.3132852293,2,1,1,77580.12211172584,1
538,58,6,3336.141142674337,2,0,0,35037.91525751338,1
471,41,7,52598.93246004139,2,1,0,83808.37600297073,1
548,62,7,94288.1229638733,1,0,1,30455.997663211565,0
687,62,6,82421.90658285319,1,0,1,92663.88200671543,0
555,21,3,87886.2310728607,1,1,1,84652.07211188703,0
831,53,7,2397.330330644254,1,0,0,85847.51737934237,1
705,25,9,69987.76101586172,3,1,1,71618.25155596825,1
604,63,4,88517.1416846587,1,1,1,91382.5966437951,0
503,36,2,72239.17429916417,1,1,0,27777.699507498048,1
602,29,1,99131.38595685686,3,1,0,81275.44306261819,1
744,49,2,1475.9977232156496,3,1,0,58089.82121240181,1
436,60,4,37934.96316656315,3,1,0,56846.448837028955,1
422,60,1,123755.389726629,2,1,0,88175.91446606012,1
711,18,8,144822.5409922678,3,0,1,28743.5689547277,1
480,67,9,85630.94829884716,3,1,1,68658.46491860971,1
547,53,8,64508.201984835614,3,0,1,70315.54177148503,1
628,21,2,74802.23458956905,1,0,0,37050.72223797536,1
551,44,2,117388.42300581739,3,0,1,75918.99375713419,1
486,40,4,122866.5806028446,2,0,0,75544.19064985175,1
711,60,5,80425.72225619873,3,1,1,90692.69021888201,1
668,20,5,13878.649879715882,3,0,0,83254.84347348794,1
785,30,6,25244.029928237866,2,0,1,17564.609455463178,0
748,39,6,99261.37220658058,3,0,0,45877.69899745141,1
693,33,3,9582.759008523706,2,1,1,59639.98999089469,0
476,51,0,149402.17841428166,3,0,1,39529.18624213493,1
837,37,8,93230.88486790046,2,1,0,30559.824114955332,1
808,27,3,105672.82304641817,1,0,1,36103.11802830279,0
516,47,5,22618.40594850289,2,0,1,11294.772093578846,1
553,26,2,137987.52806161024,3,1,1,74384.79182609211,1
426,40,8,113091.77999396705,3,1,1,14769.288779023222,1
531,64,7,146862.0650501337,3,1,1,77301.4458720805,1
642,34,6,107346.69012303276,3,1,0,96429.23941664414,1
558,52,6,66951.09409594644,2,0,0,67370.34060992909,1
621,40,2,115332.09119304146,3,0,0,95313.11289267532,1
576,48,1,52286.28307657419,3,1,0,18377.58760841607,1
664,42,0,120179.30392404433,3,0,0,50483.627377273384,1
657,40,4,8364.604197854786,2,1,1,13092.598294555411,0
414,34,8,37370.86232671117,3,1,0,82429.27496302013,1
817,26,6,113505.62550997584,2,1,0,77467.69224670438,1
517,50,6,138658.76247917238,2,1,0,22530.7212373675,1
664,39,6,45044.77968297363,1,0,1,35310.02545265062,0
680,66,3,109828.42238400699,1,1,0,44896.03705406895,1
405,38,7,72528.67649991457,1,0,1,12060.047908323006,0
789,55,5,73781.1174269948,3,1,1,50330.65093613816,1
419,45,5,1630.6321026613668,1,1,0,20805.210806468054,1
413,55,6,50342.21021169647,3,1,1,40441.565751003,1
646,50,3,135907.17089249715,3,0,0,25405.920767954824,1
755,25,5,15931.471586127067,3,1,1,44971.36423464154,1
820,64,5,63458.25096266767,2,1,1,30377.465826910397,1
546,64,8,84451.22262284129,2,0,1,21199.09912892052,1
649,43,9,9948.729147877217,3,1,1,67831.66049755253,1
843,30,2,23148.67759526693,1,1,1,72381.1513727705,0
815,20,7,19154.494580222927,1,1,1,99906.87240478134,0
572,68,7,95388.4989185439,2,0,1,42265.40810527157,1
838,54,0,147175.83396235429,3,1,0,65341.70970478528,1
601,49,4,57174.543709389305,2,0,1,20273.8334030799,1
707,45,1,55448.04638184702,2,0,1,46408.761877408695,1
762,20,2,39697.98074175943,2,0,1,34736.56838781733,0
779,32,6,120759.68472584913,2,0,0,76009.36831858284,1
520,30,2,61412.696156632504,3,0,0,72952.22498955426,1
774,32,2,71330.36105351332,2,1,0,57115.825363319454,1
739,44,5,49472.97546878874,3,0,0,60395.3960806377,1
843,57,5,66274.23267679836,2,0,0,39718.973353830734,1
480,21,5,13639.542881402105,2,1,0,90495.48834928594,1
619,52,2,82555.29509737417,1,1,1,58972.63221844124,0
546,59,4,95277.79578873872,1,1,0,43193.91107274191,1
666,46,4,144340.9715828116,2,1,1,78353.06348765132,1
415,67,2,13848.089479485414,2,1,1,78114.97720612373,1
450,24,2,139137.48209261883,1,0,0,91173.23927128436,1
416,66,2,11959.096910962364,1,1,1,72574.14735737717,0
502,49,6,45264.293786412105,2,1,1,49783.0298117559,1
697,52,5,43641.53870372158,3,1,1,43278.551176771376,1
621,49,2,84833.24974811204,1,1,0,94769.38749744199,1
403,52,6,61159.12100408196,1,0,1,90841.62578176332,0
548,58,3,42175.958872612246,2,0,1,22044.644050844814,1
510,25,3,32452.069665810457,1,0,0,48460.03615488495,0
697,46,7,128153.09893118429,3,1,1,51395.19551677871,1
654,36,2,113113.42112793005,2,1,1,66754.03203382902,1
457,59,8,13583.703261109637,1,0,0,27647.04283643443,1
849,35,1,80916.44861980285,1,0,1,14676.070166258141,0
530,21,5,149038.45866926824,2,1,0,69761.26865286104,1
557,63,7,111354.37714292013,3,0,1,98614.8356975099,1
460,55,4,31286.660811157984,2,0,1,39592.16019877059,1
811,27,1,136274.61068128224,3,1,1,16984.165954668715,1
783,52,7,42736.75996701508,2,0,0,36628.5205133333,1
779,43,9,31274.058211210082,1,0,0,38061.29363319553,1
545,67,9,11016.637483744402,1,0,1,84140.89239722255,0
822,57,8,137098.71759616368,3,1,0,21617.958574162243,1
482,56,7,108474.46165307672,2,0,0,81362.64701937562,1
641,50,5,54103.550512923655,2,0,1,67997.7425701957,1
462,63,4,53467.55604769649,3,0,0,55925.368855448,1
507,29,5,23093.22231090574,2,0,0,64865.41069371168,1
426,27,2,23984.1804982465,2,1,1,91784.8476847774,0
526,22,3,74951.80874402708,1,0,0,80216.38440318585,1
450,25,4,31464.51768097115,2,0,1,89789.2366048449,0
751,68,6,49830.135401833635,2,1,1,48942.99868368463,1
712,26,7,7889.399157028404,2,1,1,80598.6734458318,0
548,36,2,112986.5465709025,2,0,1,80318.9002306656,1
455,63,0,35025.84869003299,3,0,0,21796.69359271778,1
672,48,8,28699.531370341043,2,0,0,86883.21244176303,1
601,42,6,141042.3308279163,3,0,1,30859.231261507884,1
823,49,0,94726.38177304312,3,0,1,86844.71598856195,1
632,38,6,72805.36250656667,3,1,1,27187.116618796666,1
727,60,9,93976.12697112316,2,1,0,93568.07990817046,1
771,58,7,149686.58373532395,1,1,1,91158.62424426153,1
487,26,2,33455.002242411705,3,1,1,89016.22628076348,1
815,29,2,635.9728610839388,3,0,0,40305.90160089551,1
555,65,7,137004.5062307637,1,1,1,13432.594615635422,1
801,67,8,93024.57514668356,2,0,1,69942.88455552209,1
519,68,6,70151.89358084569,3,1,1,81327.75948651932,1
712,59,7,145113.9794808982,2,0,0,68243.0156369558,1
548,45,2,30519.266541299727,2,0,0,87884.944664541,1
726,34,0,9859.833037230153,3,1,1,84516.86775301257,1
674,28,5,140278.0015833739,2,1,1,34119.737319847496,1
580,54,5,83627.75254622597,2,1,1,33525.54534041743,1
811,66,2,125042.15510738023,1,1,1,16047.269252509055,1
518,30,4,8067.5186855876545,2,0,1,69570.56431724745,0
569,25,8,10220.820982827028,1,1,0,18270.185978213463,0
452,32,6,45891.47422127716,1,0,1,48709.813572348714,0
799,33,2,145362.85508360076,3,0,1,39356.195056635,1
482,48,5,107169.94523628755,2,1,1,33828.54097396611,1
737,26,0,5300.100738593066,2,1,1,40132.39947792141,0
828,47,2,25883.908339767353,2,0,1,55054.95485539518,1
428,45,5,138332.36257061298,2,1,1,65990.38962248768,1
522,63,7,93766.3460135206,3,1,0,97148.442741429,1
453,40,0,147647.13306223892,1,0,0,83928.39208025571,1
703,56,8,129864.48289314374,1,1,1,87637.20528434806,1
622,51,1,9632.465347946045,1,1,1,32446.423508725326,0
535,62,4,96546.49932619717,2,0,0,63733.081212165656,1
716,31,9,81813.06386010547,1,1,0,32432.69022080861,1
714,31,0,147708.9601906907,2,1,0,74122.6514324774,1
729,46,3,137359.6178496709,2,1,1,14359.865275610162,1
759,63,4,93627.33605343335,2,0,0,32092.353278326656,1
612,66,4,25612.382354612346,2,0,0,54772.01843595719,1
403,27,3,54289.35149852176,2,0,1,46478.36789622481,0
433,68,7,72084.8401824074,1,1,0,40739.1439058814,1
402,41,6,138188.63632079918,3,0,1,77572.03794221702,1
544,54,2,97055.6093969631,1,1,1,43399.90750946889,0
625,42,4,24116.696229817182,2,1,1,56908.60363400547,0
425,60,4,66288.17652055922,2,1,0,79731.43405516527,1
844,47,4,99771.9803043124,1,1,1,62937.68614030282,0
429,30,6,37469.568255441896,3,0,0,64069.561308686214,1
661,69,1,9643.089212690325,3,0,0,92895.7031782234,1
778,40,2,15333.224950360953,1,0,1,60332.30764814492,0
715,65,4,93459.89532668712,2,0,0,15634.0588329772,1
799,62,8,142756.29205686803,2,1,0,54828.13109504068,1
577,40,0,84814.4148517983,3,1,1,50557.368694708784,1
576,27,2,19358.42936313022,1,1,0,88433.45762235699,0
412,31,4,63731.34918983075,3,1,0,68692.88253330601,1
677,66,8,64853.171903189155,3,1,0,83535.516963686,1
643,26,0,32147.13327670684,2,0,0,16098.35922930998,1
727,59,0,43382.509517824765,3,1,1,13769.879869745353,1
514,32,6,135151.42216036865,2,0,1,40693.842766171365,1
590,57,5,84871.81160474446,3,0,0,23671.119394999972,1
662,54,9,99491.41260665131,2,1,1,91530.49822200375,1
720,69,4,104201.55489402731,1,0,0,48178.81297047021,1
603,35,7,62105.0179657623,3,1,0,95422.48521024377,1
801,27,6,18487.586208404144,1,0,1,38018.1336702675,0
681,30,1,28060.566631575966,1,1,0,70088.80412202608,0
498,59,3,96808.4289676687,3,1,1,32672.88251679496,1
763,57,2,103473.6470225314,3,1,0,68946.61783335361,1
432,25,1,58276.27356840183,1,0,0,79887.09575381341,1
751,37,1,79749.13126385931,2,1,0,29452.907610287053,1
713,44,4,26335.95866214022,1,0,0,85624.68708964014,1
515,25,5,36890.89136424939,2,1,1,38546.542438104225,0
708,24,4,31599.305524092368,1,0,0,14549.816202605267,0
780,50,9,143755.798700118,1,0,1,35137.3640633022,0
456,61,5,25273.06546500738,3,0,0,58618.867964013814,1
847,59,3,115126.68487814636,2,0,0,97123.96858805933,1
724,41,8,101062.3456506574,2,1,1,88333.42598922228,1
401,64,7,54327.111276630836,3,0,0,41434.80586392145,1
407,28,7,94256.34440165485,2,1,1,46490.684177708514,1
467,52,1,74465.96012380757,3,1,1,89235.94672685683,1
591,41,5,85573.10479725171,1,1,0,69854.95167020964,1
640,55,3,34681.57327362595,2,1,0,20534.39548977164,1
765,60,4,87965.6184858182,1,0,0,22214.084838753304,1
430,54,2,96205.29291995459,3,1,0,95321.84659042627,1
502,58,1,100788.21143022412,1,1,1,71548.93155433153,0
842,47,0,42843.551712473156,2,1,1,46800.94153034231,1
516,49,2,140471.11415471171,2,0,1,63389.61127349854,1
479,31,1,20754.437394309094,2,0,0,75532.887017269,1
653,33,3,111143.30128858003,1,0,1,77097.0363096803,0
650,50,1,94963.71612855142,2,0,1,90564.13342395512,1
776,46,0,145425.68546688012,2,0,1,94528.89536222797,1
796,55,6,94739.66124157878,2,0,1,49105.93170932616,1
709,18,3,129992.46255220924,1,1,0,36985.517147331404,1
780,49,2,90491.43187469132,3,1,0,39846.705992550356,1
474,18,4,890.7333885573687,3,0,0,57432.06547077118,1
419,66,3,87370.60712075458,3,1,1,88880.67068781548,1
673,38,9,66182.43418457164,3,0,0,47150.95678235582,1
434,63,9,69286.71292299133,2,0,0,67862.115921703,1
418,45,4,4194.575814246082,2,0,1,67795.24207134088,0
611,37,9,32633.99273797891,2,1,1,38431.17888238682,0
426,34,2,82931.69890378439,2,1,1,16686.219589170014,1
803,25,8,126485.34677887843,3,0,0,34827.24544494787,1
735,61,3,33432.66444132123,3,1,1,56692.09613088092,1
425,48,8,66964.1078339484,3,0,1,96648.2140003589,1
539,59,8,60311.171916888066,1,1,0,24854.794124491815,1
566,56,3,33488.25006173631,2,0,1,76983.56465921532,1
559,31,2,98890.98275331655,2,0,0,86477.27073944437,1
742,19,3,16253.688715383969,2,1,1,29036.054400675534,0
768,37,3,113817.27655809498,2,1,0,54442.06938461864,1
674,20,9,119567.52029999325,2,0,1,51235.67666955714,0
672,25,0,30166.546764964503,2,0,1,76582.66179341348,0
642,67,4,36800.729061728685,2,0,0,48072.04110192252,1
611,23,9,95760.55063479267,2,0,0,89466.17189162878,1
755,58,5,24595.599544113276,1,0,1,78981.47212825458,0
603,43,2,53991.80304961246,2,1,1,11874.063162606013,1
785,19,9,21792.001839517052,2,1,1,82819.0390249856,0
610,18,4,47131.336111285134,3,1,1,84856.38734271735,1
597,43,2,58646.57735286714,2,1,0,35969.03092690868,1
461,18,9,39084.59628475514,3,1,0,57587.33362780981,1
456,35,2,51758.60852881316,1,0,1,94840.15573298711,0
608,30,6,107221.55152705093,3,0,1,31461.63913206417,1
718,57,9,49531.15968818308,1,1,0,82731.71828226102,1
706,61,0,11078.169625508937,1,1,1,75313.74277605489,0
455,67,9,56832.317609272184,1,1,0,14020.460946584359,1
564,34,3,30443.129678407593,2,1,1,94964.80349606251,0
786,50,1,16237.907842339693,3,1,0,58965.690043900555,1
664,18,3,25706.353258952797,2,0,0,65416.05904006327,1
638,39,8,4191.523968772714,1,0,0,97266.53588981119,1
737,29,8,33798.92537731184,1,1,0,83002.17331292166,0
811,49,4,128392.6398305923,3,1,0,99344.99475731725,1
657,46,4,125862.69120743463,2,0,1,68648.80325913595,1
703,43,8,21780.563900504425,2,1,1,51896.62211225627,0
473,64,2,47759.02398046078,3,0,1,54032.28780045785,1
574,26,1,57235.55212163189,2,0,0,32656.921763957314,1
596,42,6,113209.40418775157,2,1,0,51589.52064457314,1
770,28,8,7963.811120550052,1,0,0,98409.58304413508,0
489,51,7,77946.5233556191,3,1,0,14221.525577972807,1
736,38,2,23053.12148688736,3,0,0,53336.25311842454,1
495,54,5,114165.45255524664,2,1,1,17464.536929384372,1
624,42,8,43947.31430905537,1,1,0,78513.64645821665,1
506,52,2,104481.7690302676,2,1,1,93378.83501014406,1
523,42,7,140799.0319528679,3,0,1,32434.718765718742,1
542,68,6,110807.16236714002,1,0,0,42323.5190015329,1
809,47,5,80827.37476963003,1,0,1,82342.46801541101,0
643,59,1,112451.038648806,2,1,1,44770.54818690881,1
505,36,8,112098.63703198235,3,1,0,87267.52408693056,1
403,50,6,538.7063442460872,2,0,1,53032.10330096315,1
493,41,6,131735.31771473202,2,1,1,49535.301567029215,1
564,51,1,110381.9495086382,1,0,1,43442.67981571753,0
526,49,3,26949.946737779646,3,0,0,52179.28354630379,1
428,22,3,63729.812348375235,2,1,1,17262.819013719978,0
685,69,8,148482.6059085308,2,0,1,62546.12403845452,1
649,36,2,28742.439307834957,2,1,1,28042.7383550494,0
690,38,8,59252.65945733497,2,0,0,62583.939292221,1
664,35,4,102673.44986744197,2,1,1,44517.17604264624,1
474,41,7,70102.91724700006,2,0,0,78696.65420695525,1
841,57,2,93537.77197941123,3,0,1,77232.38518400837,1
412,34,2,24800.330492050874,1,1,0,18416.13095201632,1
820,46,9,139940.26087855687,1,0,1,53925.21890592647,0
770,51,9,124478.39058135833,3,0,1,35934.13630292607,1
670,24,4,56034.59413721456,1,0,1,74831.15745188444,0
811,22,5,148106.63740962846,3,1,1,92875.21209829407,1
611,48,7,117537.3272043048,3,0,0,42625.58533401389,1
611,24,7,72229.5230333667,2,1,1,24068.136782158406,0
786,66,6,33809.537707551804,1,1,0,54438.26069972405,1
497,26,8,79235.88525392942,3,0,0,20612.616087397644,1
472,36,2,54441.90523440774,3,1,0,52308.270802696294,1
775,51,2,102492.57733531135,1,1,1,91582.62097349264,0
612,40,4,45610.14981829188,3,1,0,90298.12406297056,1
615,27,1,141830.39520120577,2,1,0,94178.24763942936,1
486,63,4,138066.79358497888,3,1,0,28809.271625955007,1
620,48,3,26596.886589963186,1,1,0,23232.716746147576,1
754,30,5,101122.26824047498,3,0,1,20175.28709270891,1
447,43,4,107766.69368323297,1,0,1,55950.105304254284,0
573,55,5,18008.360975494183,1,1,1,30270.017682545968,0
673,42,3,56595.60972551912,3,0,1,23421.676045068212,1
723,47,6,148650.59581839142,3,0,0,47057.11322048707,1
808,23,9,43974.57704212097,1,1,1,60090.66329486823,0
459,44,2,45836.71320993878,3,1,0,16920.93059139892,1
695,58,4,96333.26483502143,3,1,0,20973.69395746015,1
477,44,1,15489.228542257122,1,1,1,57884.43914538329,0
609,30,5,148237.67558479324,1,1,0,95524.86155133712,1
563,34,5,40092.95440452532,2,1,0,90057.21729851287,1
425,33,5,123358.29057939757,3,1,0,89532.61406757291,1
828,22,3,146870.00692730708,2,1,1,58371.07845792455,1
791,18,4,133763.32713006117,3,1,0,63685.3239070943,1
644,34,1,57013.53206313247,3,0,0,40188.71069518259,1
735,25,4,128268.51647818985,3,0,0,23975.232850451746,1
678,39,6,26212.681116190157,1,0,0,75980.73929232068,1
507,33,3,14897.603952256244,2,0,0,80733.57130831428,1
647,31,9,146224.33623662085,3,1,0,20636.40215003465,1
473,67,7,41684.01730291212,1,0,1,88650.33838688068,0
473,57,9,120534.48429654002,3,0,0,56930.38114470684,1
431,28,9,7739.571867118833,2,1,0,92473.00378255385,1
607,29,0,132543.16446453994,3,1,0,68955.14084017015,1
670,19,9,40064.68004043767,1,0,1,34479.325769725605,0
754,22,6,62044.892126401675,3,0,0,78820.50308027792,1
430,25,0,55591.79037528374,3,1,1,64823.83028024218,1
845,33,3,123198.51980809706,1,1,0,49122.368286620054,1
577,37,5,145246.8433621725,2,1,1,93502.8748128745,1
609,35,4,99150.6471699452,3,0,0,22648.888716676516,1
529,62,9,26445.141637916662,2,1,0,68672.63846805661,1
728,48,3,90751.53870024397,3,1,1,22018.44410343836,1
658,60,1,25006.369266535665,2,0,0,44594.6257113377,1
825,23,8,64374.40671596908,1,1,0,32661.120798979216,1
505,38,2,41163.54853784997,2,0,1,93888.55233719376,0
671,55,7,35980.06408155186,2,0,1,82931.18217612401,1
779,61,0,35442.940731767056,1,1,0,74458.34123491631,1
585,61,9,6623.600875172675,1,1,1,61401.86514982601,0
593,35,5,16403.211872560292,2,0,1,84290.79772903907,0
826,54,3,129548.03680008858,3,1,1,39725.50947165415,1
641,25,1,120119.72385332067,1,0,0,42778.70078379363,1
583,50,7,108338.82098950926,3,1,0,49486.55286720681,1
679,64,5,122958.71876483156,2,1,1,17319.707943918023,1
590,33,9,110158.39451190543,1,1,0,30278.2413106426,1
737,25,8,133363.20281704026,1,0,1,48169.39028369641,0
438,63,4,145785.7103184779,2,1,1,10372.991996411893,1
849,66,6,90554.6609910627,1,1,0,36085.11840449622,1
790,65,0,127516.18643561631,1,0,0,39418.91249024942,1
815,58,3,112011.94238763957,3,1,0,14592.405355900073,1
416,54,7,27225.00434658694,3,0,1,63630.75245869159,1
607,28,7,135554.4876663558,3,0,0,11402.144189788181,1
843,49,3,127402.76583300193,2,0,0,60261.912383018,1
584,30,1,140148.65943707904,3,1,0,41694.377771595755,1
538,40,6,20709.76934249627,3,1,0,83430.28308207821,1
532,35,2,103417.59022866053,3,0,1,85822.75984936726,1
711,24,9,54070.70877731018,2,0,1,37433.15640706089,0
740,27,0,98540.48000891211,3,1,0,79249.15140152264,1
548,53,3,141801.01883982087,1,0,1,84356.23144905776,1
652,45,7,64326.752369292,3,1,0,90498.96748849573,1
480,48,7,62341.89270124141,3,1,0,71222.51650777191,1
442,23,4,54803.56603425896,2,0,1,28687.143437966224,0
476,28,0,98414.05927396403,2,1,0,10397.116884989031,1
483,50,7,4007.588077143737,1,1,0,81679.11409597649,1
541,67,0,62555.237233086766,1,0,1,48072.089446046215,0
569,42,8,128367.89307527617,1,0,0,22104.069673736398,1
625,39,8,93896.26498468152,2,1,1,28957.080290771064,1
434,64,6,13105.152440053818,1,1,0,26762.25543077527,1
535,56,4,126208.49551775139,3,1,0,59872.66773035543,1
667,21,6,48328.40884312628,2,1,1,64890.960474828884,0
495,60,6,82253.12432012224,1,0,1,23762.712455617424,0
517,37,1,79142.49549356186,1,1,0,82019.11151244775,1
812,22,5,143684.68793698956,3,1,1,53767.19459317718,1
677,65,5,48127.80899187621,2,0,1,99166.06870983266,1
434,45,3,2004.1947003075989,2,0,1,75535.63009634626,0
419,49,4,139839.37974565654,1,1,1,90906.97032259367,0
717,31,7,84136.11703399029,1,1,1,70742.79147072611,0
706,43,0,99451.5757258599,1,1,0,41208.40934307221,1
555,41,9,24014.958965219863,1,0,0,75075.85979411472,1
642,46,1,141992.0741855442,3,0,1,16908.795136139863,1
641,45,5,95765.12999993643,1,1,1,49616.74876782385,0
846,33,5,30729.954844709788,3,0,1,89711.37975298888,1
578,52,8,28006.54514360556,3,0,1,14539.41884069015,1
532,26,9,45464.14704341806,2,1,0,57216.22010864011,1
518,42,1,100794.33023711549,2,1,1,23343.643677347085,1
796,31,5,107130.00537969712,2,1,0,75392.05394095118,1
769,42,4,56543.038096864235,2,1,0,38901.23712147736,1
527,58,8,2951.8140071463863,1,1,1,71674.13459544432,0
650,55,6,110734.99617829402,1,0,0,81994.95723966163,1
428,20,2,60791.3711692663,2,1,1,86503.54886459187,0
400,54,6,105060.6628451187,2,0,1,36001.50162625315,1
797,28,2,129579.96710933068,3,0,1,11652.391123143614,1
595,41,8,64432.562820508974,1,0,1,40849.50614441424,0
441,31,0,36711.883535827576,3,1,1,15254.979823423824,1
704,25,7,59139.67059968291,3,0,1,42762.80611131391,1
527,60,1,1192.9121561464474,3,0,1,84441.27119651172,1
671,26,0,53094.13111093891,3,0,1,27208.943839526528,1
462,64,3,60617.16329089011,2,1,0,68958.43930840645,1
635,55,3,47466.04248154497,3,0,0,72665.3198141323,1
820,33,5,88497.6504030203,1,0,1,96637.38716867933,0
495,42,5,80861.52914125702,3,1,1,73416.13214474294,1
406,31,6,142307.92267554876,3,0,0,24403.061564928626,1
579,36,9,89036.02092802933,1,1,1,45369.10281884709,0
503,36,0,119759.7998402151,2,0,0,24376.245579536113,1
732,26,1,76815.08533756553,1,1,1,33511.449320084415,0
619,61,9,8801.27855942548,1,0,0,36226.26846819636,1
700,27,4,68279.07301343755,3,0,0,97007.68880720067,1
802,51,8,53349.59332014596,2,1,1,50764.94164628817,1
537,29,8,104703.60678047084,1,1,0,44798.43932030744,1
598,19,5,71259.34292573342,3,0,1,14557.346385743416,1
540,50,2,100430.5621545318,2,1,0,59670.41444707167,1
547,36,5,141396.66185105877,1,0,0,76885.5667438864,1
724,54,0,98687.16671449055,1,0,0,66184.14065431296,1
779,48,2,123775.60068224833,1,0,0,16057.757601004152,1
791,19,8,19821.154755686854,1,0,0,25627.12602952795,0
478,54,5,90504.9018867412,3,1,0,28853.82178146755,1
438,52,6,40441.51288696425,1,1,1,76629.55857949168,0
531,62,9,68403.52667136269,2,1,0,94536.42338082401,1
452,27,0,63568.511990980456,1,1,0,17509.481213033003,1
748,36,4,6599.173798474478,3,0,0,90001.5888851952,1
582,19,0,86922.22410146435,1,1,1,62992.41483429498,0
649,53,2,7904.803461586518,3,1,0,77366.5545751508,1
789,33,7,120767.51559950829,3,0,1,61767.08847131934,1
475,41,2,86648.30468367296,3,0,0,89541.52282884528,1
413,19,7,84078.98659703191,1,0,1,86477.09154775832,0
823,38,3,135806.34966559042,3,1,1,64562.367795489554,1
667,25,4,45277.001351920335,2,0,1,19255.30490178762,0
412,22,3,25583.26517315357,2,0,1,38033.114766743514,0
542,21,8,33408.54907797664,3,1,1,31219.691648635497,1
461,55,9,27979.295257561826,3,1,0,95409.97896839843,1
444,23,4,35485.24581081895,3,1,0,44708.57645194536,1
595,59,9,24667.899861385034,3,0,0,43836.904376273764,1
679,34,6,15191.707207867,1,1,0,51863.0340950894,1
801,64,3,88447.87203300788,1,0,0,34342.02256611024,1
439,32,2,15808.522802902364,2,1,1,17414.534001394233,0
753,59,0,118453.58481608701,1,1,1,11855.913547272092,1
719,19,3,146821.36846599725,1,1,1,74289.58396834499,0
809,26,5,78377.07973870495,1,0,1,10252.834713140579,0
765,29,8,40517.43319320962,1,1,0,16818.03825108556,1
454,67,0,48110.42205941565,2,0,0,90969.96421893215,1
465,69,6,131308.1212448011,1,0,1,60433.001487083486,1
737,20,6,25828.036267762167,1,0,0,70471.75549501862,0
505,47,3,58712.27674762644,2,1,1,42452.50257533888,1
837,36,8,74141.848240021,3,1,1,30078.615385551897,1
619,54,6,43166.614680300256,3,0,1,73008.5438492751,1
692,28,4,110382.30374052658,1,0,0,81931.4922621498,1
846,37,6,48427.61206117265,2,0,0,55208.304755091944,1
638,52,5,142408.30374451278,3,0,1,65947.40783511176,1
402,23,3,108157.70579956585,3,1,0,79468.73405203894,1
493,65,3,24350.752516699085,1,1,0,58312.307951548486,1
712,49,9,132583.9753104042,3,1,0,12052.866741016602,1
732,62,1,63422.59347396493,3,1,1,55944.89850269586,1
706,29,8,46716.779014415864,1,1,0,38868.235023925605,1
487,42,6,5992.094342947957,2,1,0,24286.85502060716,1
734,49,8,26818.7188528649,2,1,0,12375.092037536693,1
800,39,2,111003.74001934496,3,0,0,73831.42587989135,1
675,37,5,32066.528559743663,3,1,0,38731.997182392144,1
494,31,6,132516.26507345153,2,1,1,51376.80873354651,1
555,21,0,102655.16085441982,2,1,0,97069.58454194415,1
743,61,4,75386.7848777164,3,0,1,27501.154634340717,1
645,57,4,104495.56141911971,3,1,1,57069.99147057088,1
627,20,6,92050.03611878012,1,0,0,92440.21956962277,1
696,67,8,105569.19078329307,3,0,0,51653.9285513472,1
510,63,3,12208.62110818216,1,0,0,62798.3684015915,1
729,68,5,139112.73731179303,2,1,1,48466.210296463265,1
460,43,1,706.2994023975533,2,0,1,86963.84343611576,0
579,37,9,25136.84707056238,2,1,0,14410.08600780689,1
601,67,1,92515.88369668814,1,0,1,20441.032651267873,1
482,43,0,99032.11175345912,2,0,1,57100.33742595457,1
440,53,4,107632.82410519918,3,0,1,36489.904959741834,1
635,51,4,55365.67271108064,1,0,0,12191.383094769062,1
778,57,0,35129.46595417923,3,1,0,95448.54514872238,1
719,20,3,127873.1487169281,2,1,0,86695.20067607072,1
701,52,4,131795.85149949125,2,0,1,95997.72506115722,1
748,33,1,55373.46620018789,1,0,1,70701.96143222036,0
809,22,5,75006.43133011852,3,1,0,84519.46382189276,1
613,55,5,40285.398224642086,1,1,1,97501.14801230926,0
721,57,9,130472.14737422827,2,1,1,48572.05960894891,1
754,41,0,98280.5999617703,1,1,0,43153.389009268256,1
415,31,1,74792.03729689145,3,1,1,73954.03615340652,1
444,49,0,6261.710606771775,3,1,0,96871.19928506516,1
753,36,1,112562.27884815459,1,0,0,47429.245408908704,1
718,44,5,55072.95101844551,3,0,1,28607.744144965844,1
685,44,0,121531.96154830715,3,0,0,35016.24403486375,1
690,32,5,28689.04252124892,1,0,1,99580.40085595072,0
750,69,0,117320.64652975799,1,0,0,64604.02317153608,1
696,38,7,126357.18189586946,1,0,1,53196.16471308805,0
680,63,6,60503.12200595013,3,0,0,98513.20990450129,1
841,25,7,113454.55186313819,2,0,0,91385.3409720885,1
737,27,9,1436.0638464905096,1,0,1,13806.655806358533,0
434,63,9,97938.35950950177,2,0,1,55244.58323025221,1
830,48,2,145496.0352398654,1,1,0,57232.964301749234,1
574,20,8,129539.9160807706,3,0,1,76517.79445572247,1
409,42,4,32421.255133514067,1,0,1,41496.08569182508,0
592,49,1,88544.5298339187,1,0,1,69219.06076368378,0
538,30,2,86630.4457486185,2,1,0,55128.00135998574,1
445,60,7,11724.998348102023,3,1,0,10314.302716092641,1
480,60,6,12151.90055578288,2,0,0,93242.70042487871,1
486,34,5,45728.69936237775,2,1,1,42769.68270647214,0
690,23,0,126315.40088945824,1,0,0,59073.8287975041,1
794,37,6,131218.4018922797,2,0,1,71886.22788638037,1
838,65,4,11665.074776609368,3,1,0,80534.77987762309,1
623,46,3,102385.7272677419,2,1,1,55725.09293290047,1
566,46,8,64550.20990673671,1,0,1,88538.77929795957,0
770,54,9,106402.51953632667,3,0,1,46757.30826015416,1
464,22,0,40076.52437662899,3,0,1,41786.19860314755,1
659,44,6,93463.62050150638,2,1,1,58350.88385443716,1
683,42,9,25418.27887188006,1,1,1,35423.24898919383,0
436,44,2,62384.318693592584,1,0,1,87580.31667306047,0
686,54,3,31574.040691311533,1,0,1,96600.85737601922,0
553,37,3,49807.23145886413,3,1,1,96357.02825184054,1
499,56,9,20272.87712975524,3,1,0,85522.55545791885,1
531,21,0,23066.20371460072,2,0,0,60488.00692041292,1
667,18,6,19298.818286446327,3,0,0,28008.502135892155,1
425,34,7,81562.91055008666,1,0,1,72210.71547397734,0
799,68,5,54611.618096584134,1,1,1,12364.64688364458,0
547,37,4,14430.804641019922,1,1,0,99517.57468552943,1
629,57,2,14916.780039334371,3,0,1,87974.56468956827,1
798,57,4,134832.94870268676,2,1,0,19475.423515869647,1
557,20,2,128952.09330711728,1,0,0,57061.3913612187,1
547,41,8,27242.22218334037,1,0,0,59526.572548066964,1
600,34,6,107821.22365875941,1,0,0,64023.3746432761,1
504,37,6,27666.857825070983,3,1,0,94999.70303963528,1
733,27,7,114398.601889285,2,0,1,31215.62847288293,1
434,65,6,95739.24944057193,3,0,0,48485.98096976311,1
745,66,2,97134.41210655996,2,0,1,27925.708128758713,1
535,66,6,70484.96097366372,3,0,0,61539.68485270156,1
758,61,2,71540.04339817773,2,0,0,78151.4327542022,1
457,69,0,46037.94678855841,2,0,0,79687.36241542223,1
715,21,3,125542.47104990733,3,0,0,20420.028375156675,1
770,64,7,66477.27688524002,2,1,1,86853.94984137066,1
415,52,8,39481.13619013054,1,1,1,32147.709530284843,0
413,22,9,23736.49633351706,1,1,0,84257.01286057499,0
713,33,4,14243.98676062571,3,0,1,35532.2561981146,1
658,55,3,60675.159631452334,2,1,0,88988.70185085964,1
491,21,4,138087.51491282196,1,0,0,58948.03851360325,1
517,35,9,73992.60776425056,3,1,1,76271.61904973234,1
722,58,9,107957.2379209457,2,0,0,55695.175314183056,1
566,66,2,63373.81963823154,1,1,0,91130.82044986617,1
625,48,3,87505.66780096192,3,0,1,17535.32876389457,1
604,46,7,92821.55086646788,1,1,0,74428.66119130459,1
747,27,2,26970.52062282676,1,1,1,25151.238543932803,0
659,53,7,77322.64941621655,1,0,1,46383.72768287504,0
437,53,6,69321.03291116637,1,1,0,39557.16199924055,1
607,63,9,51771.673746104505,2,0,0,64960.12397404416,1
806,61,0,151.66742647481078,1,0,1,30001.16492536751,0
727,58,3,132144.6983058182,1,0,0,40854.398530246326,1
425,65,4,44010.69607783064,2,0,1,93695.07479452589,1
716,33,6,109079.50324997735,1,0,0,34903.43021729478,1
838,48,1,84296.44838465986,3,0,1,38117.52762193367,1
765,58,5,93837.45626295995,2,0,1,82711.79057403243,1
580,62,8,102295.30508383106,2,0,1,97595.23467983956,1
842,51,6,72218.20790060719,2,0,1,78994.53909768199,1
445,29,7,38243.098179238514,1,0,0,73037.38772848154,1
724,33,7,68943.18603197293,2,0,1,75239.69532590182,1
527,69,6,95956.28079488469,3,1,1,83877.53631833516,1
750,46,0,148036.96404382953,3,0,0,15911.464345155851,1
847,59,3,68610.39502295677,2,0,1,38667.42481297817,1
547,56,0,58736.05562666014,2,0,0,63900.81577613633,1
530,22,2,97750.90346505577,2,0,1,55056.03301469754,0
746,52,3,77459.018435303,1,0,1,91833.0412547611,0
788,22,0,5714.907579350936,1,0,1,93456.32811296843,0
709,46,1,9676.86732751848,1,1,1,97012.79677081447,0
818,29,5,92609.16135056359,2,0,0,76911.78897006884,1
453,28,3,57416.97643206265,1,0,1,18004.349615710707,0
785,27,9,137506.24983180093,3,0,0,93686.05653911199,1
846,51,1,113978.19335766343,1,1,0,93290.84397697992,1
619,48,4,102512.3200795229,2,0,0,86671.50870908995,1
776,55,1,115906.0136659921,2,0,0,22165.128053671495,1
804,30,4,86311.29539261264,1,0,1,11825.898244372338,0
767,48,6,19753.80721609331,3,1,0,20432.074857361775,1
757,48,8,140397.51641498922,3,0,0,84041.14907027116,1
526,39,3,21546.10278752812,1,1,1,62510.736323055586,0
644,49,1,78807.28198763002,3,0,1,68859.75062308817,1
524,56,8,71323.08485084437,3,1,1,76628.12455694712,1
466,62,1,5085.8162847517815,1,1,0,44093.00669611256,1
844,62,6,130948.51128358481,1,1,0,34321.058084290504,1
512,29,3,136541.84216222036,3,0,0,20786.235029779586,1
761,27,5,63887.09602778829,1,0,1,46079.49902075234,0
441,32,4,28158.901983116197,1,1,1,60389.969913982764,0
771,58,0,95536.69059745056,3,0,0,66454.10419082214,1
827,26,2,107797.33520742631,2,0,1,49793.54694771479,1
647,67,4,76711.9066705435,1,0,0,91281.34201363906,1
602,65,1,124745.06985968072,3,1,1,40526.25151030023,1
770,50,2,70566.14597395982,2,0,0,51987.24042101909,1
455,21,8,146474.6470533814,3,1,1,65157.66657507032,1
839,20,3,96589.66688052143,2,0,1,54629.64639463541,0
774,47,4,106184.80105254447,2,1,0,72885.78961681423,1
825,22,2,95567.99892288282,1,0,0,85696.36853223576,1
527,69,9,43403.184495049856,3,1,0,13848.31904654853,1
829,23,6,5956.318123282051,1,1,0,18498.083591582814,0
548,32,9,118800.73186909412,3,1,0,58846.22079422107,1
738,34,2,8426.41187821478,2,0,1,61459.80958604844,0
638,36,4,124923.17332422409,3,1,0,41386.45191339524,1
487,24,1,143884.38191941983,1,0,0,97448.95719348699,1
581,24,5,70032.98007314219,2,1,0,26822.32646952158,1
453,65,3,9135.177514142062,2,1,1,67910.38509058527,1
692,67,7,104672.24725437652,3,1,1,43458.816609167865,1
517,31,7,68168.7250182684,1,1,1,32531.84796398808,0
486,38,9,22197.26835990002,3,0,1,23596.24793001693,1
746,43,1,70602.27953811562,1,1,0,36806.302837220326,1
666,44,5,2679.685228072182,2,0,1,17810.368216343242,0
547,56,7,149094.46010684597,3,1,1,76282.29939907673,1
429,29,4,110197.41907321992,1,1,0,27102.233342292326,1
447,51,1,63660.97166514901,1,0,0,45889.87696615365,1
795,29,5,36850.550250005734,3,0,1,84391.44449111017,1
553,51,6,15521.57968397212,1,0,0,79878.25329747572,1
512,32,0,97846.1938172372,3,1,0,16938.50581946919,1
489,36,5,83658.85767462039,1,1,0,29453.20395418634,1
426,59,9,87521.33458638168,2,1,0,68772.55078624705,1
568,63,1,70434.19990932223,1,0,1,77785.88779989962,0
426,60,8,51517.38718141828,3,1,1,13729.828760764723,1
784,68,2,27432.949121303223,2,1,1,10170.656494663406,1
602,50,0,138650.85891222596,3,0,0,53489.990490603246,1
492,49,4,102282.20882217008,2,0,1,81120.43450425875,1
824,20,7,53730.39492088452,3,1,0,39586.81822482654,1
817,68,2,133184.14722994284,2,1,0,37939.99605499037,1
682,50,6,43784.60561486314,2,0,0,81976.50738388606,1
703,36,8,22429.946707436517,2,1,1,94943.68841849023,0
689,25,4,67926.95278430117,3,1,1,10327.43482491348,1
502,35,2,40104.05804096977,1,1,1,48351.67264992202,0
607,52,7,141926.027736902,2,0,0,70360.06762749929,1
512,36,5,84913.85886920683,3,1,1,20900.970104735898,1
750,26,7,123412.59483969683,1,0,0,43858.44932223029,1
786,60,9,123203.65571033527,1,0,1,79858.24088168984,1
848,30,8,123307.50446076354,2,0,1,70523.07705620516,1
572,50,1,148030.49429409113,3,1,0,63101.755030408785,1
449,37,8,104952.58322976866,1,0,0,75153.22599116256,1
468,27,6,45752.20694297991,3,1,1,82465.70387123297,1
596,55,3,7259.496745100147,2,0,0,41079.99657964653,1
599,25,2,47328.887193156996,3,1,1,24065.536490851133,1
649,25,6,16040.654990908293,2,0,0,70974.08940189006,1
450,50,1,55604.92798773605,3,0,0,85173.40103907937,1
605,33,3,25168.400984066462,1,0,0,44053.88466037813,1
441,47,3,44571.13963777648,1,0,1,47572.32227155615,0
839,39,5,63216.24586962551,2,1,1,95558.85743346585,1
482,64,1,24516.39826824179,2,0,1,89728.83093482583,1
578,56,7,137767.2339181002,2,0,0,64800.97205362188,1
667,38,3,119840.31538685114,1,1,1,51037.30471889507,0
683,32,8,115703.74361621267,3,1,1,24163.672814224952,1
672,66,4,79228.30651523822,2,1,1,60649.113979353024,1
431,35,1,4052.499488846384,3,0,0,63859.33420239093,1
693,46,2,7874.639149061119,3,0,0,63975.80260985718,1
536,54,8,135289.51937533673,2,0,0,20913.286631998646,1
786,52,9,20405.330008832912,2,0,1,55749.62536734438,1
650,60,7,71031.72149474769,3,1,1,15963.365492907955,1
823,37,9,46813.428373758106,1,1,0,24673.374627724945,1
799,40,4,144086.88763972768,2,0,1,80670.73187544128,1
539,59,0,97173.02038820852,1,0,0,72852.0235496842,1
799,68,2,137193.04311083863,1,0,0,24189.963343651907,1
681,60,1,10279.71723007211,2,0,0,61014.76867238673,1
723,47,6,35571.73984393532,2,1,1,23457.79823992468,1
656,45,5,34579.735767021055,1,0,1,99007.67574854037,0
459,43,4,73433.07125391359,3,1,1,80911.89885875993,1
690,39,0,56442.638314867654,1,0,1,19982.15934085475,0
431,20,1,59680.09374194163,1,0,0,31161.685545416945,0
819,22,1,143756.7500511084,2,1,0,99923.53032837714,1
447,45,1,83692.05040349513,2,0,0,28582.646775645273,1
736,65,1,31661.13079791135,2,1,0,16157.179799948317,1
435,32,0,106252.53879131633,3,1,0,82168.91905019176,1
802,48,4,38548.90272576454,2,0,0,77463.91575482234,1
565,31,0,17491.88067288984,1,0,1,76183.1240500984,0
526,35,4,100629.93815526803,3,0,0,29428.834970630924,1
804,24,1,3085.5770789509183,2,0,1,49129.8675814495,0
682,37,8,99886.4615071179,3,0,0,57893.699802474795,1
626,38,5,68803.24930702508,1,0,0,13739.123194490534,1
448,37,9,76764.47098365414,3,0,1,15089.924907758646,1
648,47,2,116669.25105718363,1,0,1,12728.214761618725,0
477,21,1,51099.20476836111,2,0,1,90054.93294689554,0
406,20,9,15368.568245576653,3,0,0,62804.213406070674,1
407,64,8,1479.9622876208007,3,0,0,22290.35583095276,1
502,44,6,20303.5527283364,1,0,1,98995.47871816621,0
425,37,1,106389.91355005337,2,1,0,51189.235153796166,1
610,65,8,44757.62496425426,3,1,1,11519.29933366957,1
769,68,4,10576.167725882757,2,1,1,63070.43506175708,1
633,68,3,86568.79432116722,1,1,0,67781.16312197055,1
585,66,3,109014.25199590069,2,0,1,29576.533371698977,1
456,68,9,130289.71663566593,1,1,0,39083.79560388836,1
786,38,5,85049.71734201422,2,1,0,99292.8855774601,1
644,47,9,19528.291911159813,2,1,1,86304.73630018848,1
611,55,5,97199.4574920791,3,1,1,69178.59093068245,1
816,62,8,66186.83245274966,3,0,1,29419.331517753148,1
472,66,2,133958.21191671886,3,1,1,34595.046454914176,1
533,57,4,75681.00567664382,1,0,0,91193.60524320912,1
773,44,9,133583.4481378092,1,1,1,46490.93407012888,0
614,49,2,140145.2846470778,2,0,0,26201.51800150687,1
703,43,4,134288.6550682122,2,0,1,42725.530357000825,1
557,26,4,38893.09245120634,2,1,0,90703.4702041666,1
747,66,5,117901.72398929429,2,1,1,67607.87667030057,1
817,57,8,147895.59269725252,2,0,1,43132.97369030962,1
809,62,0,130962.14433440885,3,0,0,97402.9673428706,1
766,21,0,106939.01618817249,1,0,1,85775.57254652602,0
835,57,4,136932.0778646101,3,0,0,65531.93135394131,1
808,37,1,510.38106988987033,1,1,0,71894.54868311447,0
605,27,1,18262.60251435208,1,1,0,82369.71182300024,0
812,57,7,87784.17352730918,3,0,1,76116.17004494334,1
650,54,6,57173.78277608702,1,1,0,77143.8286922055,1
482,26,5,121431.06918515475,2,1,0,14365.492196472258,1
841,32,9,111203.99029998781,1,1,1,13776.961493246068,0
427,25,6,6908.1537506528175,3,1,0,32049.507203984835,1
703,25,1,99551.61636763734,1,1,0,47350.36816191838,1
682,45,0,50134.50636849973,2,0,1,74034.23971381251,1
456,39,7,59913.43079026281,1,1,1,81586.81512747306,0
618,27,3,1812.7237219985436,1,1,0,79123.37732267927,0
584,66,6,137589.2584263354,3,0,1,34186.5922849403,1
798,20,7,87678.37452365164,3,0,1,26175.808761279237,1
817,22,1,66687.58136089254,2,1,0,31237.773977558503,1
828,64,6,96530.52644439274,3,1,0,29980.04558927842,1
578,47,4,149814.9163259654,2,0,0,36393.22574981746,1
556,62,6,76859.08181542439,3,1,1,25448.304711728324,1
773,57,9,95548.90319149908,3,1,0,25112.91448624543,1
473,58,1,7931.357684282708,3,0,1,28457.913315760183,1
728,57,7,125998.41172434516,2,1,0,91285.2217284481,1
507,33,8,59429.789549992915,1,1,1,58357.0537261401,0
810,54,8,45825.023335040845,2,1,0,65293.82274077623,1
601,48,5,94583.61127941763,2,0,0,85338.22707320681,1
559,55,6,88801.92238038157,3,1,0,84070.48201933355,1
462,27,2,110805.37557922697,1,1,0,32276.294191632278,1
722,53,9,18975.10716135921,3,1,1,86596.38422784291,1
670,51,5,105929.39447711826,3,0,0,62768.2939064973,1
487,38,0,37753.45062178654,1,1,1,49049.32285943573,0
647,31,2,114802.4372625995,1,1,0,91497.83704098471,1
779,49,7,63597.72420340858,3,1,1,37420.47571923924,1
489,56,0,35114.496482474424,1,1,1,74016.42061988213,0
726,32,3,57393.19966997215,2,1,0,13513.64798636229,1
468,67,1,91462.12050873652,1,0,0,58582.22130926291,1
626,27,9,30968.797158897447,2,0,0,68290.58726725592,1
797,36,0,116483.5607800906,1,0,1,49096.85221093866,0
653,25,1,75622.75717338338,1,0,0,14533.521335200101,1
760,50,9,80561.71027068907,3,0,0,75716.88443525872,1
611,67,0,2069.716108378611,3,1,1,54823.834598959795,1
731,29,7,76114.65716322207,2,0,0,38000.09302133112,1
400,65,1,147874.54099292879,3,0,0,90940.78920724354,1
448,44,1,5529.640559699917,3,0,0,28115.19615372842,1
804,61,9,95475.6377224986,1,1,1,63499.60867121747,0
440,66,9,146387.5442087369,3,1,0,78386.73510879124,1
606,59,8,52383.0247751665,3,0,0,52613.83690743983,1
564,62,8,138433.41754855806,3,0,0,56805.81421202158,1
734,39,7,14616.876182093225,1,1,1,25606.171305637596,0
527,51,3,127971.45179938913,1,0,0,15922.704163000906,1
419,18,5,30505.99398844714,3,1,1,54106.86224176315,1
415,60,4,43165.15962482187,1,0,1,57584.6053160451,0
593,29,6,149012.42017136427,2,1,1,52030.99074053189,1
543,35,3,9039.20314573548,1,1,1,35546.7941007773,0
493,64,1,85055.03520171411,3,0,0,53430.44378736778,1
592,33,5,33170.78168298497,3,0,0,82732.40186084663,1
777,33,8,130138.65390149358,3,1,1,28017.63817076459,1
800,68,8,28967.07936839068,1,1,1,68247.88629998802,0
522,20,3,24593.60059411515,3,0,0,49060.636683606564,1
531,40,9,18098.366585181335,2,1,0,70979.11526274156,1
589,37,2,123418.84704447296,1,0,0,91749.53010214608,1
660,55,1,116667.35069373535,3,0,0,81397.43265117244,1
755,29,2,148899.2010140142,1,0,0,56809.384142044255,1
826,32,2,138999.77820672176,3,0,1,26277.280633946968,1
436,67,8,62935.79279468786,2,1,0,16696.154301636598,1
522,48,5,70053.82941171179,1,0,0,46130.85808359701,1
454,60,4,119451.74597709728,2,1,1,99040.62431118189,1
756,23,5,22750.51524353548,1,0,1,47654.618901091046,0
765,24,5,69023.21102771198,2,0,1,54824.35058829735,0
838,65,7,115527.39534895898,2,1,0,71085.33085977785,1
828,41,3,24568.523613904013,2,1,0,39989.07361631865,1
764,26,5,71418.35739699482,1,0,0,44207.736720497516,1
705,24,7,113715.29281383286,3,0,0,63893.81031884068,1
741,28,5,44099.664611712215,1,1,0,94372.20514932317,1
556,53,9,82737.23514033863,3,0,0,10022.811564567093,1
680,41,7,132310.7317010751,2,1,0,51238.85183810284,1
502,47,2,37258.29497575235,1,0,1,72761.65031818429,0
475,69,2,62869.281245778344,2,0,0,60152.24692179804,1
448,55,7,134338.80235112863,1,1,1,33733.44050098802,1
611,62,5,5485.997524031189,1,1,0,86806.36750470592,1
526,43,6,133151.8019430297,1,0,1,84134.7313247475,0
830,57,2,13287.510500537808,1,0,0,76094.78525730301,1
452,33,6,23153.730559084397,2,1,0,14153.403237533033,1
638,62,0,146340.2685535759,3,1,1,98010.06048645686,1
746,24,1,7638.423994853389,2,0,0,35698.652640077504,1
627,41,8,33640.60071049013,2,1,1,29179.567201871876,0
801,49,7,10203.300055960557,2,1,0,70925.2539921038,1
656,43,4,6913.387272802418,2,1,1,70180.2496958457,0
437,51,6,14276.365550579507,3,0,0,24302.974591798953,1
506,39,2,135111.9007243316,2,0,1,27401.129538870387,1
804,31,3,5429.907672940354,1,1,0,73253.09694077216,0
715,24,8,66415.17691678098,3,0,1,46724.8857417287,1
761,54,2,91904.2204313147,1,0,1,73155.77669208305,0
704,67,5,26326.954155894568,1,0,1,22744.908060152047,0
469,23,7,85742.80026115756,1,0,1,57377.47698222785,0
696,30,3,1202.8883037055737,1,0,1,20448.99377990653,0
637,34,0,88235.13910821908,2,0,0,92496.15989701904,1
624,47,7,64713.300008163984,1,0,0,82540.42537958197,1
795,23,7,22861.039804550957,2,1,0,58444.44573043396,1
739,65,2,16601.06073124939,2,0,0,57888.154326271106,1
461,24,5,124979.56622818064,1,0,0,73863.88087677732,1
514,50,6,59921.18679014813,2,1,1,23008.298994816752,1
410,34,5,10810.81851005143,1,1,0,77271.63645433678,0
487,39,8,103472.51140071833,2,0,1,11088.430776497376,1
540,44,3,33688.094383061754,2,1,1,60651.07848408543,1
572,64,6,116764.78094380237,3,0,0,36011.45376731323,1
657,26,0,44537.11273386828,3,0,1,58176.305761325086,1
560,23,9,81422.86780544322,1,0,0,45117.65146820094,1
684,45,5,133570.06883189877,2,1,1,99986.73364559747,1
419,51,3,56810.25229707715,3,0,1,70059.06886252211,1
791,33,6,144371.30783338565,2,0,0,30767.57263715429,1
481,27,1,10810.091669822841,2,1,1,46464.25225071333,0
749,42,4,3432.1673081018744,1,0,0,20820.19968723305,1
453,21,4,45032.44493207434,3,0,1,95523.6441419983,1
438,20,0,59638.23886197133,2,0,1,61311.48083860029,0
500,48,3,117399.95821706385,1,0,0,11822.239981431343,1
426,47,2,5829.360882100904,2,0,0,83540.24004262374,1
433,67,6,125445.6469221596,1,0,0,54525.239005603726,1
511,47,3,147949.90772138044,3,0,1,72757.2633926651,1
717,51,9,142216.8639237948,1,1,0,34793.60589048493,1
752,65,2,41440.52111290488,2,1,0,85002.84792152375,1
449,48,5,79503.79410436639,2,0,0,70978.6687215559,1
680,30,9,114052.2907942993,3,1,1,79777.08738848161,1
689,26,5,55138.74940454879,3,1,1,67351.76212337698,1
768,68,9,16512.818185191656,2,1,1,30274.37514252488,1
829,32,6,145991.48427110925,2,1,0,30103.653776585274,1
482,46,9,8558.43863616087,2,0,1,50597.16050863381,0
747,51,1,145404.82209956317,1,1,1,48849.63186005434,0
655,30,4,30414.369003559983,1,0,0,40276.11427479146,1
509,60,4,46202.11038039873,3,1,1,82433.4391229152,1
446,29,6,123582.35095162336,1,0,1,73322.42527438118,0
423,45,8,90413.09450426245,1,0,0,71482.83665325724,1
830,39,1,21886.740016797634,3,0,1,67325.42988807011,1
507,25,7,64350.30714395997,3,0,1,85799.40950180427,1
488,29,6,118620.42413281914,2,0,0,41417.04172637078,1
518,64,1,57794.58373645155,1,1,1,21492.616346233706,0
596,36,3,88310.62190434821,2,0,0,54236.49850123466,1
752,68,7,105738.24760360365,3,0,0,81976.90355140158,1
599,59,0,49607.41704151961,1,1,1,14424.27786349546,0
655,67,5,8801.507914160167,2,0,0,43953.18828009644,1
637,48,8,86410.20526597313,2,0,1,82497.26637584115,1
657,46,3,9747.051312681559,2,1,1,99595.04273905166,0
670,52,9,96355.10697533835,3,0,1,45841.896054743534,1
488,63,1,40282.028843785636,1,1,1,59818.35760486355,0
845,37,2,99813.14857313992,1,1,1,61250.075977569526,0
457,55,7,48437.11908981845,3,1,0,34707.756418870165,1
619,67,6,127858.22164979494,3,0,1,25709.392957644788,1
567,42,7,7357.963657134342,3,1,0,41362.72168006342,1
674,38,4,117939.51799637477,2,1,1,26711.553812111775,1
487,20,5,67481.20474083375,2,0,0,12197.862266310618,1
766,59,1,139324.18234118706,1,0,1,25122.23205113742,1
510,42,0,100269.77547755539,2,0,1,96483.61305155738,1
837,31,2,5099.138096177358,3,1,0,48047.061912252306,1
404,26,8,75526.57833043144,1,0,0,84283.34673617444,1
811,52,4,123277.69385732464,1,0,0,74585.40483230771,1
660,53,3,121165.76763761241,1,0,1,81446.10147462029,0
537,32,7,109773.84870650183,2,0,0,15390.074416853098,1
473,24,0,133480.95199749005,2,1,0,86124.16631986409,1
608,37,0,122135.77306470284,2,1,0,27349.763868650232,1
626,36,2,20744.724243474615,2,0,0,67665.59619901468,1
621,37,8,137104.46371270934,2,1,0,20175.706470238074,1
588,44,1,140656.4521081258,3,1,1,74200.85667020534,1
490,22,7,54088.075365163815,1,0,1,73308.26857585959,0
825,49,7,118887.78715907286,2,0,0,17585.999927547535,1
627,20,4,24760.422021305025,1,0,0,24066.836005915655,0
659,32,3,55834.88605926743,3,0,1,78792.94253216978,1
673,65,9,130096.06502734934,2,0,1,80327.57343044301,1
620,69,7,124100.71642846239,2,1,1,84081.56969125208,1
534,46,6,99383.95435679948,2,0,1,35595.278045763254,1
750,20,4,100612.22842904349,1,1,0,37612.24964172425,1
613,62,8,70845.87881917712,3,1,0,12719.737757638857,1
583,38,7,94899.48569257348,3,0,0,18166.61714927724,1
460,62,0,46794.04401549222,1,0,1,82159.08539813911,0
598,53,5,10081.41816562509,2,1,1,11949.36248176886,1
758,24,7,122322.42646564399,3,0,0,46444.05088542713,1
571,64,3,137602.31377323085,2,0,0,14478.110790509036,1
662,52,6,137310.57270817517,1,0,1,22213.33326457471,0
429,48,2,15535.27889332149,1,1,1,89291.83315847008,0
491,46,5,93859.34047963104,3,1,0,41622.44394423445,1
783,55,6,102847.1392791768,3,1,0,44924.149936587,1
843,66,3,37335.99331113673,2,1,0,56543.106362588645,1
491,60,2,58775.81557512554,2,0,0,53603.64422479849,1
515,34,4,8683.91052667955,3,0,1,36303.66114632416,1
673,18,4,68999.24239864547,2,0,0,75898.0905604027,1
438,61,0,60234.37431529438,3,1,1,65372.30996642083,1
555,67,1,500.0753661262347,2,0,1,63147.66502227584,1
816,66,0,137479.5459521701,1,0,0,91429.0817794233,1
414,32,3,135707.40105022799,3,0,1,80227.45730126854,1
805,65,7,101585.74059035136,3,1,0,25428.746863150638,1
543,41,0,85558.97754715633,1,0,1,98524.02383989884,0
586,47,1,102516.25428054956,1,0,0,25357.94332161282,1
817,62,4,22385.89041099217,3,0,1,43433.38112299505,1
621,39,6,24491.762270465624,1,1,0,64961.36259059577,1
780,32,0,141610.80280612622,2,1,1,26208.776207363262,1
745,52,8,101794.11588737632,1,1,0,75598.37545731968,1
738,49,4,84925.57756195278,2,0,1,42505.24767409479,1
716,50,1,12846.079033254447,2,1,0,45212.81988817932,1
631,42,7,134366.96448147923,1,0,0,60064.425250474145,1
487,20,4,136740.53077084364,1,0,1,83913.81000783094,0
619,30,4,138363.05881459574,1,0,0,67949.34819984325,1
523,58,1,87950.50224174002,3,1,1,75429.47128094743,1
581,34,3,104468.8613676781,2,1,1,70046.9298803626,1
787,40,9,7500.264714518462,1,1,0,55775.30441542946,1
415,56,9,112313.71312345422,2,0,1,75585.55092741022,1
553,32,5,22226.499347372806,2,1,0,23536.82348560855,1
790,62,2,497.4173273172122,3,0,0,64047.62942980929,1
831,28,0,40871.85904148431,3,0,0,53524.25120444479,1
791,54,2,84984.0200715491,1,0,0,63167.29387960808,1
807,57,7,144444.58371781884,3,1,1,37751.21141941834,1
555,55,5,90166.57859351215,3,1,1,46082.51756324587,1
518,63,8,66469.6282017326,3,0,0,95203.49889334812,1
633,43,5,143382.10029829058,1,0,1,85558.45305880564,0
815,34,7,100114.67499712278,3,1,0,10514.800311469076,1
528,31,9,91497.74392055767,3,1,1,73394.31600728429,1
587,30,5,11593.754105178745,1,0,0,85720.77341191744,0
768,19,3,144561.9072378823,2,1,1,44076.23667310175,1
786,27,3,39305.350267069516,2,1,0,84960.30415020806,1
737,62,8,51134.28645708834,1,1,0,95445.9355737304,1
488,57,0,82266.408073391,1,0,1,10512.11751655989,0
586,51,0,144209.11372685328,1,0,0,72078.64928690015,1
606,38,3,58435.260536668546,2,1,0,25778.52996952623,1
821,64,6,49368.677923083866,1,1,0,84552.13424500925,1
650,38,3,125901.18945694099,1,1,0,28725.29744381433,1
658,18,1,105217.49810648666,3,0,1,38483.07253141307,1
604,53,4,134957.29408604177,1,0,0,53077.02574240357,1
806,18,5,46789.42723947032,1,1,0,56654.947543717615,0
626,45,4,51743.30594220582,3,0,1,46774.40432992398,1
804,68,8,84261.10645465858,2,0,0,53437.42959394465,1
665,54,4,44828.2740021956,1,0,1,67856.73539032918,0
606,65,5,43782.95356584995,1,0,1,73982.84755547097,0
626,58,5,27536.698010760763,1,1,0,19484.032048714485,1
728,26,4,60257.93732950968,1,0,1,42606.5435476864,0
846,60,7,107717.60717003138,3,1,0,74568.3655544654,1
618,25,1,112123.0033029203,3,1,0,68634.61267176918,1
573,19,5,108921.51911559388,1,0,1,79031.47370005578,0
836,24,1,73311.7523550746,1,1,0,80012.03902231855,1
497,18,9,97948.4102467838,3,0,0,19479.605636576118,1
550,40,3,81953.63047060223,2,1,0,62275.149444323535,1
486,50,2,118336.42201304724,2,1,0,14917.189060614852,1
684,43,4,22613.3970741336,3,1,1,27913.512002421707,1
668,25,3,122800.49742688827,3,1,1,29351.468121949678,1
437,69,1,66601.99584321892,3,1,0,65500.23684094048,1
664,54,2,87687.77781578415,1,0,1,45758.87550656306,0
539,50,1,3792.669168685875,2,1,0,71775.63549053053,1
439,27,2,112486.180786925,1,0,0,34029.98353508217,1
799,21,5,82452.70350274626,1,1,1,69245.3266778948,0
529,44,9,35634.772982090086,1,0,0,21896.21890357368,1
718,19,7,82343.06102160556,3,0,1,83008.3820703846,1
461,62,0,24947.479359451398,3,0,1,55966.601429673006,1
494,58,7,58283.87361783801,3,0,0,22120.875194134598,1
756,19,8,148628.26810858832,3,0,1,62103.96826294682,1
695,49,0,122683.17966250604,1,0,0,38910.183136259286,1
408,27,7,143117.64143464484,1,1,0,18901.91518046506,1
822,23,3,7826.460452484518,2,0,0,61043.362241793475,1
609,63,1,48436.213656353524,2,1,0,52874.7771656788,1
569,46,9,105166.60978269955,2,1,1,85706.37926788336,1
832,41,9,44426.9382859226,2,1,1,27068.784462543288,1
403,66,4,94409.9859150738,1,0,1,77920.31816091189,1
478,18,1,123826.35417805333,3,1,1,41809.28525372372,1
600,19,5,58268.69095556306,2,1,1,62611.68273249404,0
621,58,8,64818.74077353935,2,1,1,83020.53031874241,1
488,36,3,145336.46536965884,3,0,1,10053.203872521022,1
577,68,1,50028.306815629294,1,0,1,73553.57718874715,0
461,29,2,62449.55051726425,3,0,1,91097.02325071872,1
599,43,0,15287.228294792481,2,0,0,53713.869278750644,1
647,57,5,14864.719150592431,1,1,0,98660.85054425539,1
717,24,0,71947.78584507601,2,0,1,35393.13835207016,0
800,57,3,64922.53814330511,3,0,1,68053.20597622514,1
822,24,1,100760.57503085201,2,1,1,97817.46340777227,0
843,53,9,68087.3577122745,1,1,0,55439.13152426637,1
463,42,8,31359.406840103828,3,0,1,80118.76968808047,1
554,45,2,137304.4245243553,2,1,0,94549.84454054118,1
719,67,2,131262.60309935274,2,1,0,45383.21097526053,1
434,30,8,95651.85237689434,1,0,0,88347.85409550504,1
435,64,5,139686.36873010485,3,0,1,69285.36444260868,1
838,55,9,30216.952749004282,1,0,0,38469.27095426162,1
596,22,2,108540.38451573506,1,0,0,72138.70659475095,1
628,30,6,133083.1096727911,3,1,0,10926.159081494709,1
457,51,1,105965.85330070007,3,1,1,11546.792949385139,1
536,66,7,118300.93623386468,3,0,0,88752.25184740017,1
537,40,2,120412.50089186586,3,0,1,39482.637487303684,1
761,26,3,79137.40652787845,3,0,0,23846.817406553302,1
441,38,8,84427.70398719682,3,0,0,80251.73113697821,1
686,42,4,59164.5539188827,2,0,1,49529.363151356956,1
797,41,1,127614.61967124758,3,1,1,72834.70849436338,1
687,38,0,49871.863187970244,3,0,1,17237.888260883148,1
704,48,7,48501.71353377804,3,1,0,11193.099872258796,1
445,53,2,15613.08200447296,1,1,1,63539.87960621732,0
405,39,1,45083.08980399226,1,0,0,79012.82867552049,1
459,50,5,69082.88625192786,1,1,1,29836.490029715507,0
546,65,5,104812.95467437699,1,1,0,51926.87417157164,1
647,57,6,121174.70974214228,1,1,1,13618.266896410074,0
474,24,0,22534.360335094356,3,1,1,72330.29828244218,1
752,19,8,6986.555787187126,3,0,1,36680.277182423844,1
692,56,4,14428.2773790188,1,0,1,13427.278366508763,0
544,38,3,19275.117402614607,1,0,1,50490.40758636698,0
420,18,9,134026.51730871946,1,1,0,51653.198255933465,1
593,39,0,135563.609954484,2,0,1,84898.90321516662,1
736,31,8,42744.13224330049,1,1,1,83026.37887232938,0
750,41,4,655.8335307562946,3,0,1,45969.43586166261,1
795,18,2,83453.82221381145,2,0,1,27804.823102254195,0
600,22,6,11881.468086004754,3,1,1,21410.252212737716,1
727,67,9,102268.46108459451,3,0,0,52282.402004271644,1
511,37,9,12159.256822979136,1,1,1,53575.628468312636,0
681,34,7,29082.39704105191,2,1,0,15128.396838860623,1
404,58,4,40628.78217069427,2,0,1,64255.14904691397,1
560,66,0,34545.583529254356,3,0,0,46759.14069083403,1
590,62,6,80156.48337349863,2,0,1,22326.92704968617,1
688,35,8,89587.562173713,3,0,1,50029.78279677989,1
538,43,8,59354.71500821787,2,1,1,61288.0180480475,1
808,44,7,73175.62317865806,2,0,0,79718.37838497727,1
654,64,0,84153.12011814935,2,1,1,10997.251079051637,1
580,57,7,4528.229814605566,3,1,1,92079.42893801298,1
618,48,7,104171.73813927454,1,1,0,35923.8369498032,1
620,37,7,138963.77951764583,2,0,0,57465.93948615691,1
627,22,3,182.14266567626592,2,1,0,96329.91310809615,1
664,67,3,43148.54567588309,3,1,1,64786.66169626436,1
831,34,9,62368.35880715257,1,0,0,13738.251063912938,1
437,46,4,96137.13422225104,1,0,0,48712.82534954566,1
661,47,1,63206.19816759567,1,1,1,84204.0412519642,0
721,48,6,76241.07939994633,2,1,0,81376.12079442992,1
823,34,3,88542.16132479422,2,1,1,40728.11993464948,1
646,64,3,119100.25858227881,3,1,0,98221.96551902196,1
756,51,6,107332.53797103681,1,0,1,51984.035039325456,0
462,20,9,37761.11194133658,2,1,0,24083.354709773128,1
408,56,7,32205.88255757757,2,1,1,35839.1293268383,1
678,59,8,89556.03363110342,2,0,1,44491.134029117675,1
474,58,3,136905.33757527432,2,1,1,16790.790745275808,1
678,27,7,100496.74340359708,1,1,0,66369.01872599765,1
834,47,0,16070.236424558027,1,1,0,19751.183858866752,1
627,34,2,67082.56123021572,3,1,0,37161.13820117903,1
632,26,4,98419.81803514877,3,1,1,66254.88680823508,1
537,69,3,137597.698169845,3,0,1,58194.396817504836,1
457,64,3,9912.467430745946,3,0,0,69671.12047413544,1
756,53,7,79283.48346296455,1,1,0,92117.8621817307,1
689,27,9,19490.404779674496,3,1,0,34758.97582692469,1
689,52,4,124120.7114589727,3,1,1,50105.96319619035,1
454,33,5,97003.62624963194,1,0,1,90396.95318789744,0
782,24,3,89955.48041954848,1,1,0,59279.925479727106,1
544,34,9,57871.2392083569,3,1,0,40798.79946142256,1
624,35,3,83290.92368474076,1,0,0,30724.787060915845,1
592,69,7,28799.267830298508,2,1,1,31906.004823964562,1
705,41,0,45677.840992003315,2,0,0,57076.01556849571,1
443,45,6,46490.24457341005,3,0,0,13020.58814995597,1
653,58,0,27705.998345301243,1,0,0,15356.057492503274,1
612,41,1,2795.0493758968632,1,0,0,16960.52781051122,1
425,41,1,95561.62208731454,3,1,1,79278.06872442494,1
670,19,7,62842.053066800654,2,1,1,31370.64751629946,0
422,58,0,19291.31064069157,2,1,1,59744.165164295766,1
541,53,5,36329.2071373195,2,1,0,21160.328089566654,1
791,42,4,36405.45477555235,2,0,1,63308.3679655248,1
617,54,5,120671.60960636358,2,1,0,80597.56053939938,1
469,27,3,44654.17503420403,1,0,1,31328.24782327058,0
504,62,1,18724.42114662299,1,1,1,32153.581801949273,0
735,42,5,104007.88326152418,2,0,1,32707.62161568876,1
434,54,9,142241.97266751222,2,1,1,87627.92655644799,1
630,69,7,73443.04264723197,3,0,0,22100.230029382696,1
574,50,9,90631.87416954922,1,1,1,35962.593958692174,0
659,21,6,49126.74449051163,3,1,1,78810.39660914347,1
599,59,0,126341.96504943066,3,0,0,97197.05123487765,1
711,39,6,46743.350563582484,1,0,0,99075.75123815138,1
633,41,9,27622.671430069695,1,1,1,15484.541323724181,0
685,59,2,125131.64280633368,1,1,0,57410.51485001249,1
562,41,5,71717.0774804488,1,1,1,47667.94181773449,0
628,51,3,131942.16616337004,2,1,0,11757.886327099284,1
576,26,8,3142.1503161377705,2,1,1,72853.80939427894,0
629,68,2,81046.34755257131,2,1,1,48320.0709184193,1
620,26,9,32349.922803009136,3,0,1,43346.89427804389,1
691,60,4,95713.45286815983,1,0,1,56279.99746457022,0
788,33,4,85242.5707839383,2,1,1,86926.5285620084,1
806,28,6,30795.69710919306,2,0,0,10610.639255517899,1
427,39,9,78202.95804589629,3,1,1,42425.24348708296,1
556,66,1,78980.58706860637,3,1,0,35582.12208231905,1
641,53,7,20848.297983694225,2,0,0,93243.7087318048,1
488,55,4,145509.94718916185,1,0,0,10048.267599072236,1
784,56,1,9306.423547127235,2,1,0,97980.3390564275,1
757,29,9,78643.5156402648,2,0,1,69168.16034409884,0
628,42,0,144394.51653045218,3,1,0,40857.43644701374,1
561,24,4,39638.83993423548,1,0,0,17393.50516011649,0
483,52,9,59446.27004092201,3,1,0,81491.26495694145,1
431,47,9,31978.29122749778,3,1,0,57447.2804362024,1
481,28,6,93054.63228442705,3,0,1,10846.46780639408,1
424,57,3,38567.96001914379,1,1,1,37433.651809393166,0
833,54,7,92673.19938743404,2,1,0,69812.02623847098,1
563,27,3,107992.73860883595,3,0,1,17668.72814774083,1
741,65,3,85128.32981253955,3,1,1,15135.567850328327,1
610,45,7,116034.88515195974,1,0,1,21168.221700828748,0
529,69,9,38383.933330306245,2,1,0,27831.631009453926,1
683,40,7,23883.403747589084,2,0,1,60191.521619300125,0
448,26,4,40862.858787436526,3,0,1,39625.795231703814,1
682,28,7,36933.87884718834,1,0,0,69785.19325322052,0
429,34,6,127644.41006422038,1,0,1,39106.95063567604,0
649,25,4,97628.00248052263,1,1,1,88036.50521328243,0
724,60,4,4268.034253967496,2,0,0,73376.76439591343,1
625,35,1,96297.82416019987,3,1,1,73418.04477442149,1
789,19,0,54194.24312906223,2,1,0,65318.98309164137,1
639,42,7,35265.78132464711,3,0,1,93058.81217714325,1
773,31,0,20377.22911049734,3,1,0,42366.43621081134,1
400,35,5,93803.56438653693,1,0,1,14265.41239415215,0
493,23,0,4350.519784073187,1,1,0,20821.610881480126,0
552,21,3,84419.19006374077,1,1,0,23892.021590253586,1
486,40,0,32700.485637334543,1,1,0,63197.18236722293,1
721,45,4,82386.57755847384,3,0,0,45207.92152577014,1
828,48,4,49635.00004769493,2,0,0,26606.572466257963,1
651,38,4,106330.82737105232,1,0,1,12400.035680448113,0
406,18,7,4733.17964807205,3,1,1,78104.7038870388,1
583,59,2,137869.8284924072,1,0,0,21509.605913808336,1
730,59,3,69456.3723016409,3,1,1,71235.19963110247,1
606,58,1,122326.42060695379,2,1,0,41641.16367596034,1
450,35,8,77849.46738576573,3,1,0,88012.98149279879,1
558,54,0,76488.18545364992,3,1,1,40078.63918440361,1
516,56,5,141231.72216182583,2,1,0,29578.99646171981,1
569,51,4,55396.65657675616,1,1,0,21147.166548486497,1
548,21,0,78882.00575373962,3,0,0,11237.679783573232,1
590,30,9,75471.12368958225,1,1,0,25014.37664746937,1
563,39,9,120395.98969780043,1,1,0,87602.332849449,1
550,25,6,89210.18721050477,1,1,0,65663.24774014461,1
767,48,5,28222.50641882801,1,1,1,81093.31766101839,0
461,38,8,6286.964426481007,2,0,1,75763.2337187436,0
692,37,1,144261.7759356459,1,0,1,72677.75463192665,0
660,43,2,72933.57896156164,3,0,1,36027.24654667349,1
843,47,7,126723.04508533138,2,1,0,66593.77675208525,1
826,62,9,53690.17469194741,3,1,0,11202.251686837622,1
629,42,6,79974.15041365231,1,0,1,24155.047186478572,0
659,55,3,26790.448817746015,3,0,1,66060.8383559703,1
796,65,2,120633.72680544996,1,0,1,69059.1688477794,1
426,69,7,71463.38582732053,2,0,1,76043.91993681222,1
700,21,7,67185.68564519036,3,0,0,78796.99657104675,1
488,67,5,584.5208081068032,2,0,1,75005.17727633555,1
670,18,3,88878.35340127269,3,1,1,20788.706602097263,1
676,43,4,123188.38151996626,1,1,1,46988.535440657804,0
699,60,4,132139.99763176232,1,1,1,13527.12973694662,1
782,51,4,56759.00002441259,1,0,1,21474.276825904897,0
771,27,5,82724.12660699437,3,1,1,79341.15319719282,1
462,39,9,38669.60931645844,1,0,1,66034.59347151921,0
501,68,6,45856.81185733816,3,1,1,18877.244121870797,1
458,56,6,18743.64183790436,2,0,1,18802.005470070508,1
705,57,3,7073.722808355126,2,0,1,78403.83842612166,1
475,61,4,25065.26308424809,1,1,1,96866.75987764432,0
759,55,3,88391.67219673486,1,1,0,43534.454978752045,1
470,61,8,53952.36749343009,2,1,0,13905.369911234826,1
508,43,0,101368.42570604601,3,0,1,41403.35806098874,1
807,32,9,139249.70902369288,2,1,0,36971.27986557522,1
499,62,7,70651.04481415426,2,0,1,84318.27481076393,1
547,23,7,73680.79608447818,3,0,0,59221.76006938384,1
803,31,2,140855.54312807028,3,0,0,99507.35946558029,1
435,32,9,102067.28181462371,3,1,0,28797.588173535307,1
767,53,5,47725.32296540794,1,1,0,37703.367107607875,1
744,19,1,21083.067097943847,2,0,1,18400.82865395515,0
408,47,4,44603.17768683695,3,0,1,94206.95949654435,1
413,33,3,14281.466910704316,2,1,1,55800.79519637726,0
470,52,0,84663.97570916821,3,1,1,73886.59312484985,1
510,57,9,38272.47085623871,2,1,1,19999.737481943892,1
548,38,2,38234.73610740075,3,0,0,28964.118422323474,1
624,50,9,105528.2488181375,2,1,1,60508.21952401012,1
706,55,5,70387.01045462457,2,0,1,41235.15980590759,1
555,69,9,15337.450511986155,2,0,0,42222.54943148233,1
415,30,2,31716.630112171486,3,0,0,94490.35784826428,1
480,57,0,26933.797928969365,2,0,0,46607.054536417614,1
665,62,5,91652.74404485915,2,1,0,13005.679852493653,1
422,56,8,48801.98097076884,1,1,1,71108.78679995166,0
663,65,3,145253.8173824556,1,1,1,74955.8287667358,1
586,37,3,82623.18478731866,1,1,0,53595.32323782712,1
704,36,1,47941.23682781003,3,1,0,16500.75831513515,1
473,47,4,40572.99956280817,1,1,0,83790.4954078261,1
561,43,9,86333.72911983749,1,0,1,62279.96026405718,0
684,28,2,145919.6357628902,1,1,1,23884.311730239442,0
610,29,7,127549.2545016775,3,1,0,63814.103391619676,1
643,28,3,105607.39275117157,1,0,0,85178.32093154381,1
588,19,7,27921.18970696425,1,0,0,66883.05886617588,0
419,56,7,26016.489164828832,2,0,0,28671.383882208145,1
400,62,8,21015.616682374468,2,0,0,76281.86647226692,1
832,58,4,53399.96886913245,2,1,1,88597.17592934195,1
656,69,0,7356.652172844091,2,1,1,87629.91052393016,1
831,60,5,16052.959062993083,1,0,0,76185.97730706786,1
764,35,2,141763.89339982026,3,0,1,82729.03230261982,1
419,27,3,22253.984417414584,1,0,0,24007.254709692796,0
518,21,6,60867.508609742996,2,1,0,51048.585820004664,1
786,20,2,98334.80923083525,3,1,0,34854.11997827428,1
514,28,3,23787.07830146222,2,0,0,76581.04338529901,1
403,20,1,134680.0370274404,1,1,0,33954.09675567255,1
658,50,0,53856.43508568305,1,1,1,97940.1577609675,0
722,37,5,26542.96973845689,3,0,0,94868.98383070559,1
813,50,3,142404.3163638471,1,1,1,44395.27202053044,0
628,23,1,119350.29825891227,3,1,1,67682.55694422484,1
400,18,2,54760.495438451544,3,0,0,81054.50801714924,1
429,49,2,101611.08182466617,1,0,1,97847.94489957586,0
436,38,5,108841.1661111808,1,1,0,79186.19455317562,1
750,25,6,93063.7182212872,2,0,0,46389.402154212294,1
453,23,9,118663.10418838926,3,1,0,83018.70258295638,1
416,55,1,15429.758055517368,3,1,1,14100.87994757203,1
559,45,1,132543.69235757616,3,0,0,84127.17177255133,1
686,36,2,103078.02204712677,1,1,1,67245.30451966214,0
540,36,6,76514.03982435103,2,1,1,31895.588984915754,1
773,33,8,51329.61806340316,3,0,1,58868.29638158938,1
728,40,2,101411.71507690189,3,1,1,12929.308032192546,1
779,27,0,24721.584398989584,2,0,0,63170.188392213386,1
638,35,7,74826.9852831254,1,1,1,14672.85087568613,0
401,54,5,25764.144591367018,1,0,0,19304.792513949476,1
442,50,0,64086.836503014034,2,1,0,53004.14144483896,1
713,57,9,40005.65206005101,3,1,1,49235.2436535804,1
549,52,6,59504.724052945865,2,1,1,81527.6246255665,1
823,60,0,9224.509150669584,3,0,1,42438.57009156978,1
500,47,4,133039.63230854916,2,1,1,33740.92024794532,1
835,27,0,141314.96219452866,2,0,0,31909.595839316462,1
472,50,3,58933.57884087864,2,1,0,62985.23425247339,1
452,57,4,102977.08138144494,3,0,1,55756.51559065354,1
519,59,3,47879.75790175554,3,1,1,81787.27986666637,1
506,54,2,22837.583653135767,3,1,1,94973.32775204287,1
636,57,7,93886.50931919947,2,0,0,91832.48061035892,1
646,22,4,61574.35933735448,1,1,0,90403.72365330937,0
